{
  "budget": 16.27936388366082,
  "runtime": 104.0,
  "poster_brightness": 134.29000000000002,
  "poster_saturation": 99.83500000000001,
  "poster_dom_r": 116.0,
  "poster_dom_g": 103.0,
  "poster_dom_b": 94.0,
  "release_year": 2013.0,
  "release_month": 7.0,
  "release_dayofweek": 3.0,
  "release_quarter": 3.0,
  "is_weekend": 0.0,
  "is_blockbuster_season": 0.0,
  "is_franchise": 0.0,
  "poster_warmth": 16.0,
  "poster_red_ratio": 0.3604887983706721,
  "poster_green_ratio": 0.33024691358024694,
  "poster_blue_ratio": 0.3106796116504854,
  "poster_vividness": 0.18226185005767012,
  "cast_score": 15.746047424114993,
  "director_score": 15.497958640950074,
  "keyword_score": 16.179912607877633,
  "genre_score": 15.788483775351597,
  "production_company_score": 15.69288314950349,
  "country_score": 15.999232460425532,
  "collection_score": 15.497958640950076,
  "genre_Action": 0.0,
  "genre_Adventure": 0.0,
  "genre_Animation": 0.0,
  "genre_Comedy": 0.0,
  "genre_Crime": 0.0,
  "genre_Documentary": 0.0,
  "genre_Drama": 0.0,
  "genre_Family": 0.0,
  "genre_Fantasy": 0.0,
  "genre_History": 0.0,
  "genre_Horror": 0.0,
  "genre_Music": 0.0,
  "genre_Mystery": 0.0,
  "genre_Romance": 0.0,
  "genre_Science_Fiction": 0.0,
  "genre_TV_Movie": 0.0,
  "genre_Thriller": 0.0,
  "genre_War": 0.0,
  "genre_Western": 0.0
}