{
  "poster_brightness": 134.29000000000002,
  "poster_saturation": 99.83500000000001,
  "poster_dom_r": 116.0,
  "poster_dom_g": 103.0,
  "poster_dom_b": 94.0
}